{"stats":{"minecraft:custom":{"minecraft:mob_kills":16,"minecraft:interact_with_crafting_table":12,"minecraft:bell_ring":45,"minecraft:leave_game":4,"minecraft:time_since_death":1702,"minecraft:sleep_in_bed":3,"minecraft:time_since_rest":1,"minecraft:sprint_one_cm":327474,"minecraft:damage_taken":3928,"minecraft:walk_one_cm":226357,"minecraft:drop":103,"minecraft:damage_dealt":2268,"minecraft:fly_one_cm":204124,"minecraft:talked_to_villager":13,"minecraft:open_chest":14,"minecraft:crouch_one_cm":7490,"minecraft:play_time":75911,"tombstone:undead_killed":4,"minecraft:deaths":13,"minecraft:sneak_time":3252,"minecraft:walk_under_water_one_cm":210,"minecraft:jump":929,"minecraft:walk_on_water_one_cm":1115,"minecraft:total_world_time":75911,"minecraft:fall_one_cm":26152},"minecraft:dropped":{"minecraft:bread":93,"minecraft:poppy":2,"minecraft:dirt":2,"tombstone:grave_key":3,"minecraft:oak_sapling":1,"minecraft:iron_bars":2,"minecraft:bow":1},"minecraft:killed":{"minecraft:pig":1,"iceandfire:cyclops":1,"minecraft:spider":3,"minecraft:sheep":2,"minecraft:skeleton":2,"minecraft:zombie":1,"minecraft:stray":1,"minecraft:cow":4},"minecraft:used":{"minecraft:cooked_mutton":1,"minecraft:wheat_seeds":42,"minecraft:water_bucket":6,"minecraft:iron_bars":1,"minecraft:stone_pickaxe":7,"minecraft:chest":1,"minecraft:wooden_pickaxe":8,"minecraft:iron_sword":24,"minecraft:cherry_planks":111,"minecraft:bell":4,"minecraft:white_wool":1,"minecraft:torch":3,"minecraft:dirt":9,"minecraft:crafting_table":6,"minecraft:carrot":36,"minecraft:white_bed":2,"minecraft:oak_fence_gate":1,"minecraft:wooden_axe":148,"minecraft:wooden_hoe":77,"minecraft:black_wool":1,"minecraft:apple":1,"minecraft:bricks":1,"minecraft:melon_seeds":3,"minecraft:bow":13,"minecraft:cooked_porkchop":3,"minecraft:beetroot_seeds":5,"minecraft:bucket":6,"tombstone:gift":2,"minecraft:yellow_bed":2,"minecraft:egg":1,"minecraft:potato":15},"minecraft:mined":{"minecraft:white_bed":2,"minecraft:farmland":1,"minecraft:cherry_planks":8,"minecraft:cherry_log":87,"minecraft:dandelion":2,"minecraft:oak_fence":4,"minecraft:crafting_table":2,"minecraft:torch":1,"minecraft:blast_furnace":1,"minecraft:grass_block":8,"minecraft:tall_grass":30,"minecraft:cobblestone":3,"minecraft:bricks":1,"minecraft:spawner":1,"minecraft:pink_petals":2,"minecraft:hay_block":21,"minecraft:black_stained_glass":1,"minecraft:carrots":27,"minecraft:birch_log":7,"minecraft:wheat":50,"minecraft:peony":1,"minecraft:yellow_bed":2,"minecraft:bell":4,"minecraft:grass":150,"minecraft:potatoes":21,"minecraft:oak_log":9,"minecraft:beetroots":9,"minecraft:oak_fence_gate":1,"minecraft:iron_bars":3,"minecraft:cherry_leaves":5,"minecraft:dirt":3,"minecraft:white_wool":1,"minecraft:oak_leaves":2},"minecraft:killed_by":{"minecraft:skeleton":4,"minecraft:stray":2,"minecraft:spider":2,"minecraft:zombie":2,"iceandfire:fire_dragon":1},"minecraft:picked_up":{"minecraft:birch_log":7,"minecraft:pink_petals":6,"minecraft:crafting_table":2,"minecraft:wheat":14,"minecraft:cherry_planks":36,"minecraft:leather":13,"minecraft:potato":21,"minecraft:oak_log":12,"tombstone:grave_key":1,"minecraft:yellow_bed":2,"minecraft:string":2,"minecraft:dirt":15,"minecraft:cooked_mutton":1,"minecraft:bone":5,"minecraft:beetroot":3,"minecraft:apple":1,"minecraft:bow":2,"minecraft:wheat_seeds":95,"minecraft:bell":4,"minecraft:iron_ingot":5,"minecraft:beef":10,"minecraft:oak_fence_gate":1,"minecraft:stripped_oak_wood":1,"minecraft:poppy":2,"minecraft:birch_sapling":1,"minecraft:egg":1,"minecraft:tipped_arrow":1,"minecraft:stick":25,"minecraft:oak_fence":6,"minecraft:torch":5,"minecraft:porkchop":2,"minecraft:cherry_log":86,"iceandfire:rotten_egg":1,"minecraft:blast_furnace":1,"minecraft:white_bed":2,"minecraft:carrot":37,"minecraft:spider_eye":1,"minecraft:arrow":5,"minecraft:beetroot_seeds":16,"minecraft:peony":1,"minecraft:hay_block":19,"minecraft:cherry_sapling":48,"minecraft:bread":36,"minecraft:oak_sapling":9,"minecraft:black_wool":1,"minecraft:mutton":10,"minecraft:bricks":1,"minecraft:iron_bars":5,"minecraft:white_wool":2,"minecraft:cobblestone":3},"minecraft:broken":{"minecraft:leather_helmet":1,"minecraft:wooden_axe":2,"minecraft:wooden_hoe":1},"minecraft:crafted":{"minecraft:cherry_planks":268,"minecraft:oak_planks":4,"minecraft:crafting_table":4,"minecraft:wooden_pickaxe":2,"minecraft:iron_sword":1,"minecraft:bucket":1,"minecraft:birch_planks":28,"minecraft:bread":57,"minecraft:wooden_hoe":1,"minecraft:melon_seeds":4,"minecraft:stick":12,"minecraft:stone_pickaxe":1,"minecraft:wooden_axe":3,"minecraft:chest":1,"minecraft:wheat":171}},"DataVersion":3465}