{"stats":{"minecraft:custom":{"minecraft:mob_kills":17,"minecraft:interact_with_crafting_table":10,"minecraft:leave_game":2,"minecraft:time_since_death":4750,"minecraft:sleep_in_bed":2,"minecraft:time_since_rest":4498,"minecraft:sprint_one_cm":134896,"minecraft:damage_taken":1808,"minecraft:walk_one_cm":104015,"minecraft:drop":5,"minecraft:damage_dealt":2658,"minecraft:talked_to_villager":1,"minecraft:fly_one_cm":149158,"minecraft:open_chest":11,"minecraft:crouch_one_cm":2454,"minecraft:play_time":49298,"tombstone:undead_killed":7,"minecraft:deaths":4,"minecraft:sneak_time":1045,"minecraft:jump":652,"minecraft:interact_with_smoker":9,"minecraft:total_world_time":49298,"minecraft:fall_one_cm":23967},"minecraft:dropped":{"minecraft:bread":3,"minecraft:cooked_mutton":1,"minecraft:beef":3},"minecraft:killed":{"minecraft:pig":2,"minecraft:spider":1,"minecraft:sheep":3,"minecraft:zombie":5,"minecraft:stray":2,"minecraft:cow":4},"minecraft:used":{"minecraft:oak_fence":2,"minecraft:cooked_mutton":4,"minecraft:stone_sword":16,"minecraft:stone_pickaxe":2,"minecraft:wooden_pickaxe":21,"minecraft:cherry_planks":37,"minecraft:rotten_flesh":5,"minecraft:crafting_table":3,"minecraft:smoker":1,"minecraft:wooden_axe":94,"minecraft:stone_axe":20,"minecraft:wooden_sword":53,"minecraft:beef":4,"minecraft:furnace":1,"minecraft:cooked_porkchop":2,"minecraft:cooked_beef":2,"minecraft:cherry_log":1},"minecraft:mined":{"minecraft:cherry_planks":11,"minecraft:cherry_log":91,"minecraft:oak_fence":4,"minecraft:tall_grass":3,"minecraft:spawner":2,"minecraft:pink_petals":1,"minecraft:grass":1,"minecraft:oak_log":5,"minecraft:cherry_leaves":1,"minecraft:stone":21},"minecraft:killed_by":{"minecraft:skeleton":1,"minecraft:stray":2,"minecraft:zombie":1},"minecraft:picked_up":{"minecraft:pink_petals":2,"minecraft:cherry_planks":6,"minecraft:leather":2,"minecraft:oak_log":5,"tombstone:grave_key":1,"minecraft:wheat_seeds":1,"minecraft:beef":9,"minecraft:tipped_arrow":1,"minecraft:stick":19,"minecraft:oak_fence":2,"minecraft:porkchop":3,"minecraft:cherry_log":76,"tombstone:grave_dust":1,"minecraft:arrow":1,"minecraft:rotten_flesh":7,"minecraft:hay_block":1,"minecraft:cherry_sapling":29,"minecraft:oak_sapling":3,"minecraft:mutton":5,"minecraft:cobblestone":20,"minecraft:white_wool":3},"minecraft:broken":{"minecraft:wooden_axe":1},"minecraft:crafted":{"minecraft:cooked_beef":2,"minecraft:cherry_planks":300,"minecraft:wooden_sword":1,"minecraft:cooked_porkchop":3,"minecraft:crafting_table":3,"minecraft:wooden_pickaxe":1,"minecraft:furnace":2,"minecraft:bread":3,"minecraft:cooked_mutton":5,"minecraft:air":0,"minecraft:stick":20,"minecraft:wooden_axe":8,"minecraft:stone_sword":1,"minecraft:wheat":9,"minecraft:smoker":1}},"DataVersion":3465}