{"stats":{"minecraft:custom":{"minecraft:time_since_rest":15098,"minecraft:crouch_one_cm":108,"minecraft:play_time":15098,"minecraft:sprint_one_cm":7790,"minecraft:damage_taken":40,"minecraft:walk_one_cm":7150,"minecraft:walk_under_water_one_cm":7290,"minecraft:sneak_time":241,"minecraft:jump":9,"minecraft:walk_on_water_one_cm":1069,"minecraft:time_since_death":15098,"minecraft:total_world_time":15098,"minecraft:swim_one_cm":20744,"minecraft:interact_with_crafting_table":1,"minecraft:fly_one_cm":1385},"minecraft:used":{"minecraft:wooden_axe":72,"minecraft:crafting_table":1},"minecraft:mined":{"minecraft:seagrass":3,"minecraft:grass":2,"minecraft:oak_log":56,"minecraft:sand":2,"minecraft:birch_log":5,"minecraft:oak_leaves":1,"minecraft:crafting_table":1},"minecraft:picked_up":{"minecraft:birch_log":5,"minecraft:crafting_table":1,"minecraft:stick":13,"minecraft:apple":1,"minecraft:sand":1,"minecraft:oak_log":56,"minecraft:oak_sapling":15,"minecraft:birch_sapling":4},"minecraft:broken":{"minecraft:wooden_axe":1},"minecraft:crafted":{"minecraft:oak_planks":12,"minecraft:crafting_table":1,"minecraft:stick":4,"minecraft:wooden_axe":1}},"DataVersion":3465}