{"stats":{"minecraft:dropped":{"minecraft:oak_planks":5},"minecraft:custom":{"minecraft:time_since_rest":5419,"minecraft:sprint_one_cm":29075,"minecraft:damage_taken":395,"minecraft:walk_one_cm":29854,"minecraft:mob_kills":3,"minecraft:drop":5,"minecraft:damage_dealt":379,"minecraft:interact_with_crafting_table":6,"minecraft:talked_to_villager":1,"minecraft:fly_one_cm":29884,"minecraft:open_chest":3,"minecraft:crouch_one_cm":560,"minecraft:deaths":1,"minecraft:play_time":15304,"tombstone:undead_killed":1,"minecraft:sneak_time":171,"minecraft:bell_ring":4,"minecraft:jump":153,"minecraft:leave_game":1,"minecraft:time_since_death":5781,"minecraft:sleep_in_bed":2,"minecraft:total_world_time":15304,"minecraft:fall_one_cm":2928},"minecraft:used":{"minecraft:wooden_axe":99,"minecraft:stone_pickaxe":35,"minecraft:wooden_pickaxe":9,"minecraft:cherry_planks":2,"minecraft:wooden_shovel":2,"minecraft:crafting_table":3},"minecraft:killed":{"minecraft:skeleton":1,"minecraft:sheep":1,"minecraft:pig":1},"minecraft:mined":{"iceandfire:silver_ore":2,"minecraft:cherry_planks":2,"minecraft:andesite":2,"minecraft:crafting_table":2,"minecraft:granite":5,"minecraft:grass":4,"minecraft:oak_log":69,"minecraft:dirt":3,"minecraft:stone":34,"minecraft:oak_planks":3,"minecraft:oak_leaves":4},"minecraft:killed_by":{"minecraft:skeleton":1},"minecraft:picked_up":{"minecraft:stick":9,"minecraft:crafting_table":2,"minecraft:cherry_planks":2,"minecraft:andesite":2,"minecraft:porkchop":1,"minecraft:oak_log":69,"minecraft:dirt":3,"minecraft:bundle":1,"minecraft:arrow":2,"minecraft:apple":5,"minecraft:granite":5,"minecraft:oak_sapling":16,"minecraft:mutton":1,"minecraft:oak_planks":8,"iceandfire:raw_silver":2,"minecraft:white_wool":1,"minecraft:cobblestone":33},"minecraft:broken":{"minecraft:wooden_axe":1},"minecraft:crafted":{"minecraft:wooden_sword":1,"minecraft:oak_planks":72,"minecraft:wooden_shovel":1,"minecraft:crafting_table":1,"minecraft:stick":4,"minecraft:wooden_pickaxe":1,"minecraft:stone_pickaxe":1,"minecraft:wooden_axe":2,"minecraft:stone_sword":1}},"DataVersion":3465}